V1,V2
articl,materi
dynam,system
treatment,tri
factor,latent
dimens,high
onlin,supplement
bootstrap,modif
classif,learn
fail,time
low,rank
avail,supplement
dimens,reduc
censor,surviv
confid,interv
outcom,treatment
power,test
penal,select
"""null""",test
bay,posterior
establish,properti
dimens,suffici
learn,rule
bound,restrict
chain,mont
clinic,tri
adapt,convent
bay,prior
clinic,rule
asymptot,normal
avail,onlin
materi,onlin
express,gene
predict,reduc
carlo,chain
avail,materi
hypothes,"""null"""
coeffici,vari
linear,nonlinear
area,small
differenti,equat
posterior,prior
order,second
first,second
clinic,treatment
least,squar
design,indic
carlo,mont
materi,supplement
error,measur
improv,util
articl,supplement
seri,time
optim,rule
matric,precis
chain,markov
loss,penal
articl,avail
score,specif
mean,varianc
gaussian,graph
misspecif,robust
gene,individu
outcom,patient
gene,genet
expect,rule
hypothes,test
articl,onlin
reduc,suffici
proport,surviv
diseas,risk
carri,variat
